<?xml version="1.0" encoding="UTF-8"?>
<project-private xmlns="http://www.netbeans.org/ns/project-private/1">
    <editor-bookmarks xmlns="http://www.netbeans.org/ns/editor-bookmarks/2" lastBookmarkId="0"/>
    <open-files xmlns="http://www.netbeans.org/ns/projectui-open-files/2">
        <group>
            <file>file:/C:/Users/sevin/Documents/GitHub/GestionSeguridad/Gestion/src/seguridad/sevinjofagaca/modelo/Usuarios.java</file>
            <file>file:/C:/Users/sevin/Documents/GitHub/GestionSeguridad/Gestion/src/seguridad/sevinjofagaca/controlador/UsuariosJpaController.java</file>
            <file>file:/C:/Users/sevin/Documents/GitHub/GestionSeguridad/Gestion/src/seguridad/sevinjofagaca/vista/Ventana.java</file>
            <file>file:/C:/Users/sevin/Documents/GitHub/GestionSeguridad/Gestion/src/seguridad/sevinjofagaca/vista/Registro.java</file>
            <file>file:/C:/Users/sevin/Documents/GitHub/GestionSeguridad/Gestion/src/seguridad/sevinjofagaca/vista/Auditoria.java</file>
            <file>file:/C:/Users/sevin/Documents/GitHub/GestionSeguridad/Gestion/src/seguridad/sevinjofagaca/vista/Menu.java</file>
            <file>file:/C:/Users/sevin/Documents/GitHub/GestionSeguridad/Gestion/src/seguridad/sevinjofagaca/vista/Login.java</file>
            <file>file:/C:/Users/sevin/Documents/GitHub/GestionSeguridad/Gestion/src/seguridad/sevinjofagaca/logica/Operar.java</file>
            <file>file:/C:/Users/sevin/Documents/GitHub/GestionSeguridad/Gestion/src/seguridad/sevinjofagaca/vista/Principal.java</file>
        </group>
    </open-files>
</project-private>
